rank,model_name,arena_score,ci_lower,ci_upper,votes,organization,license,total_params_b,active_params_b,architecture,resolution_source,vram_bf16_weights_gb,vram_bf16_serving_gb,vram_fp8_weights_gb,vram_fp8_serving_gb,vram_int4_weights_gb,vram_int4_serving_gb,fits_rtx_pro_6000_bf16,fits_rtx_pro_6000_fp8,fits_rtx_pro_6000_int4,fits_h100_bf16,fits_h100_fp8,fits_h100_int4,fits_h200_bf16,fits_h200_fp8,fits_h200_int4,fits_b200_bf16,fits_b200_fp8,fits_b200_int4,fits_b300_bf16,fits_b300_fp8,fits_b300_int4,best_gpu_bf16,best_gpu_fp8
1,glm-5.1,1470.52,1464.41,1476.63,11071,Z.ai,MIT,,,,UNKNOWN,,,,,,,,,,,,,,,,,,,,,,UNKNOWN,UNKNOWN
2,mimo-v2.5-pro,1463.32,1455.16,1471.47,5037,Xiaomi,MIT,,,,UNKNOWN,,,,,,,,,,,,,,,,,,,,,,UNKNOWN,UNKNOWN
3,deepseek-v4-pro,1463.03,1454.26,1471.81,4176,DeepSeek,MIT,1600.0,49.0,moe,aa_single_scrape,3200.0,4000.0,1600.0,2000.0,800.0,1000.0,False,False,False,False,False,False,False,False,False,False,False,False,False,False,False,MULTI-GPU,MULTI-GPU
4,deepseek-v4-pro-thinking,1461.72,1452.5,1470.95,3820,DeepSeek,MIT,,,,UNKNOWN,,,,,,,,,,,,,,,,,,,,,,UNKNOWN,UNKNOWN
5,kimi-k2.6,1460.05,1452.75,1467.35,6168,Moonshot,Modified MIT,1000,32,moe,override,2000.0,2500.0,1000.0,1250.0,500.0,625.0,False,False,False,False,False,False,False,False,False,False,False,False,False,False,False,MULTI-GPU,MULTI-GPU
6,glm-5,1456.32,1451.55,1461.1,19980,Z.ai,MIT,744.0,40.0,moe,aa_single_scrape,1488.0,1860.0,744.0,930.0,372.0,465.0,False,False,False,False,False,False,False,False,False,False,False,False,False,False,False,MULTI-GPU,MULTI-GPU
7,gemma-4-31b,1450.99,1443.34,1458.64,5810,Google,Apache 2.0,31.0,31.0,dense,name_parsing,62.0,77.5,31.0,38.8,15.5,19.4,True,True,True,True,True,True,True,True,True,True,True,True,True,True,True,H100 SXM,H100 SXM
8,kimi-k2.5-thinking,1449.5,1445.14,1453.86,26123,Moonshot,Modified MIT,1000,32,moe,override,2000.0,2500.0,1000.0,1250.0,500.0,625.0,False,False,False,False,False,False,False,False,False,False,False,False,False,False,False,MULTI-GPU,MULTI-GPU
9,qwen3.5-397b-a17b,1447.12,1442.44,1451.79,21382,Alibaba,Apache 2.0,397.0,17.0,moe,name_parsing,794.0,992.5,397.0,496.2,198.5,248.1,False,False,False,False,False,False,False,False,False,False,False,False,False,False,True,MULTI-GPU,MULTI-GPU
10,glm-4.7,1442.51,1436.4,1448.63,12143,Z.ai,MIT,,,,UNKNOWN,,,,,,,,,,,,,,,,,,,,,,UNKNOWN,UNKNOWN
11,deepseek-v4-flash-thinking,1438.75,1429.43,1448.08,3603,DeepSeek,MIT,,,,UNKNOWN,,,,,,,,,,,,,,,,,,,,,,UNKNOWN,UNKNOWN
12,gemma-4-26b-a4b,1438.05,1430.39,1445.72,5777,Google,Apache 2.0,26.0,4.0,moe,name_parsing,52.0,65.0,26.0,32.5,13.0,16.2,True,True,True,True,True,True,True,True,True,True,True,True,True,True,True,H100 SXM,H100 SXM
13,deepseek-v4-flash,1432.33,1422.91,1441.75,3512,DeepSeek,MIT,284.0,13.0,moe,aa_single_scrape,568.0,710.0,284.0,355.0,142.0,177.5,False,False,False,False,False,False,False,False,False,False,False,True,False,False,True,MULTI-GPU,MULTI-GPU
14,kimi-k2.5-instant,1431.88,1425.28,1438.49,8198,Moonshot,Modified MIT,1000,32,moe,override,2000.0,2500.0,1000.0,1250.0,500.0,625.0,False,False,False,False,False,False,False,False,False,False,False,False,False,False,False,MULTI-GPU,MULTI-GPU
15,kimi-k2-thinking-turbo,1430.3,1426.95,1433.66,51723,Moonshot,Modified MIT,1000,32,moe,override,2000.0,2500.0,1000.0,1250.0,500.0,625.0,False,False,False,False,False,False,False,False,False,False,False,False,False,False,False,MULTI-GPU,MULTI-GPU
16,glm-4.6,1425.72,1421.78,1429.65,35707,Z.ai,MIT,,,,UNKNOWN,,,,,,,,,,,,,,,,,,,,,,UNKNOWN,UNKNOWN
17,deepseek-v3.2-exp-thinking,1424.45,1417.9,1431.0,9079,DeepSeek,MIT,,,,UNKNOWN,,,,,,,,,,,,,,,,,,,,,,UNKNOWN,UNKNOWN
18,mimo-v2.5,1424.37,1416.32,1432.43,5131,Xiaomi,MIT,,,,UNKNOWN,,,,,,,,,,,,,,,,,,,,,,UNKNOWN,UNKNOWN
19,deepseek-v3.2,1423.97,1420.32,1427.62,44809,DeepSeek,MIT,,,,UNKNOWN,,,,,,,,,,,,,,,,,,,,,,UNKNOWN,UNKNOWN
20,deepseek-v3.2-exp,1422.77,1416.36,1429.17,11944,DeepSeek,MIT,,,,UNKNOWN,,,,,,,,,,,,,,,,,,,,,,UNKNOWN,UNKNOWN
21,qwen3-235b-a22b-instruct-2507,1422.39,1419.69,1425.09,87368,Alibaba,Apache 2.0,235.0,22.0,moe,name_parsing,470.0,587.5,235.0,293.8,117.5,146.9,False,False,False,False,False,False,False,False,False,False,False,True,False,False,True,MULTI-GPU,MULTI-GPU
22,deepseek-v3.2-thinking,1421.91,1418.17,1425.64,39077,DeepSeek,MIT,,,,UNKNOWN,,,,,,,,,,,,,,,,,,,,,,UNKNOWN,UNKNOWN
23,deepseek-r1-0528,1421.86,1416.2,1427.52,18469,DeepSeek,MIT,,,,UNKNOWN,,,,,,,,,,,,,,,,,,,,,,UNKNOWN,UNKNOWN
24,hunyuan-hy3-preview,1418.83,1409.02,1428.64,3321,Tencent,tencent-hunyuan-community,,,,UNKNOWN,,,,,,,,,,,,,,,,,,,,,,UNKNOWN,UNKNOWN
25,qwen3.5-122b-a10b,1417.9,1412.98,1422.83,18236,Alibaba,Apache 2.0,122.0,10.0,moe,name_parsing,244.0,305.0,122.0,152.5,61.0,76.2,False,False,True,False,False,True,False,False,True,False,True,True,False,True,True,MULTI-GPU,B200 SXM
26,kimi-k2-0905-preview,1417.88,1411.39,1424.38,11792,Moonshot,Modified MIT,1000,32,moe,override,2000.0,2500.0,1000.0,1250.0,500.0,625.0,False,False,False,False,False,False,False,False,False,False,False,False,False,False,False,MULTI-GPU,MULTI-GPU
27,deepseek-v3.1,1417.55,1411.54,1423.56,14989,DeepSeek,MIT,,,,UNKNOWN,,,,,,,,,,,,,,,,,,,,,,UNKNOWN,UNKNOWN
28,deepseek-v3.1-terminus-thinking,1417.13,1407.16,1427.11,3468,DeepSeek,MIT,,,,UNKNOWN,,,,,,,,,,,,,,,,,,,,,,UNKNOWN,UNKNOWN
29,kimi-k2-0711-preview,1417.12,1412.27,1421.98,27647,Moonshot,Modified MIT,1000,32,moe,override,2000.0,2500.0,1000.0,1250.0,500.0,625.0,False,False,False,False,False,False,False,False,False,False,False,False,False,False,False,MULTI-GPU,MULTI-GPU
30,deepseek-v3.1-thinking,1416.77,1410.16,1423.38,11762,DeepSeek,MIT,,,,UNKNOWN,,,,,,,,,,,,,,,,,,,,,,UNKNOWN,UNKNOWN
31,deepseek-v3.1-terminus,1415.81,1406.2,1425.42,3712,DeepSeek,MIT,,,,UNKNOWN,,,,,,,,,,,,,,,,,,,,,,UNKNOWN,UNKNOWN
32,qwen3-vl-235b-a22b-instruct,1415.46,1408.98,1421.95,11530,Alibaba,Apache 2.0,235.0,22.0,moe,name_parsing,470.0,587.5,235.0,293.8,117.5,146.9,False,False,False,False,False,False,False,False,False,False,False,True,False,False,True,MULTI-GPU,MULTI-GPU
33,mistral-large-3,1414.45,1410.78,1418.11,41333,Mistral,Apache 2.0,675.0,41.0,moe,aa_single_scrape,1350.0,1687.5,675.0,843.8,337.5,421.9,False,False,False,False,False,False,False,False,False,False,False,False,False,False,False,MULTI-GPU,MULTI-GPU
34,glm-4.5,1411.0,1406.12,1415.88,24345,Z.ai,MIT,355.0,32.0,moe,aa_single_scrape,710.0,887.5,355.0,443.8,177.5,221.9,False,False,False,False,False,False,False,False,False,False,False,False,False,False,True,MULTI-GPU,MULTI-GPU
35,qwen3.5-27b,1405.23,1400.26,1410.21,17723,Alibaba,Apache 2.0,27.0,27.0,dense,name_parsing,54.0,67.5,27.0,33.8,13.5,16.9,True,True,True,True,True,True,True,True,True,True,True,True,True,True,True,H100 SXM,H100 SXM
36,minimax-m2.7,1404.85,1398.99,1410.71,12349,MiniMax,Modified MIT,,,,UNKNOWN,,,,,,,,,,,,,,,,,,,,,,UNKNOWN,UNKNOWN
37,qwen3-235b-a22b-no-thinking,1402.8,1398.3,1407.3,38248,Alibaba,Apache 2.0,235.0,22.0,moe,name_parsing,470.0,587.5,235.0,293.8,117.5,146.9,False,False,False,False,False,False,False,False,False,False,False,True,False,False,True,MULTI-GPU,MULTI-GPU
38,qwen3-next-80b-a3b-instruct,1401.57,1396.79,1406.35,22885,Alibaba,Apache 2.0,80.0,3.0,moe,name_parsing,160.0,200.0,80.0,100.0,40.0,50.0,False,False,True,False,False,True,False,True,True,False,True,True,True,True,True,B300 SXM,H200 SXM
39,longcat-flash-chat,1401.15,1394.78,1407.52,11407,Meituan,MIT,560,27,moe,override,1120.0,1400.0,560.0,700.0,280.0,350.0,False,False,False,False,False,False,False,False,False,False,False,False,False,False,False,MULTI-GPU,MULTI-GPU
40,qwen3-235b-a22b-thinking-2507,1399.26,1392.73,1405.78,9007,Alibaba,Apache 2.0,235.0,22.0,moe,name_parsing,470.0,587.5,235.0,293.8,117.5,146.9,False,False,False,False,False,False,False,False,False,False,False,True,False,False,True,MULTI-GPU,MULTI-GPU
41,deepseek-r1,1397.61,1392.74,1402.47,18524,DeepSeek,MIT,685.0,37.0,moe,aa_single_scrape,1370.0,1712.5,685.0,856.2,342.5,428.1,False,False,False,False,False,False,False,False,False,False,False,False,False,False,False,MULTI-GPU,MULTI-GPU
42,minimax-m2.5,1397.44,1392.87,1402.02,23488,MiniMax,Modified MIT,,,,UNKNOWN,,,,,,,,,,,,,,,,,,,,,,UNKNOWN,UNKNOWN
43,qwen3-vl-235b-a22b-thinking,1395.76,1388.98,1402.55,7952,Alibaba,Apache 2.0,235.0,22.0,moe,name_parsing,470.0,587.5,235.0,293.8,117.5,146.9,False,False,False,False,False,False,False,False,False,False,False,True,False,False,True,MULTI-GPU,MULTI-GPU
44,qwen3.5-35b-a3b,1395.03,1390.11,1399.95,18465,Alibaba,Apache 2.0,35.0,3.0,moe,name_parsing,70.0,87.5,35.0,43.8,17.5,21.9,True,True,True,False,True,True,True,True,True,True,True,True,True,True,True,RTX PRO 6000,H100 SXM
45,deepseek-v3-0324,1394.93,1391.07,1398.8,45541,DeepSeek,MIT,671.0,37.0,moe,aa_single_scrape,1342.0,1677.5,671.0,838.8,335.5,419.4,False,False,False,False,False,False,False,False,False,False,False,False,False,False,False,MULTI-GPU,MULTI-GPU
46,mimo-v2-flash (non-thinking),1392.38,1388.55,1396.22,36053,Xiaomi,MIT,,,,UNKNOWN,,,,,,,,,,,,,,,,,,,,,,UNKNOWN,UNKNOWN
47,step-3.5-flash,1391.7,1387.24,1396.16,23969,StepFun,Apache 2.0,,,,UNKNOWN,,,,,,,,,,,,,,,,,,,,,,UNKNOWN,UNKNOWN
48,mimo-v2-flash (thinking),1387.4,1381.14,1393.66,10987,Xiaomi,MIT,,,,UNKNOWN,,,,,,,,,,,,,,,,,,,,,,UNKNOWN,UNKNOWN
49,qwen3-coder-480b-a35b-instruct,1387.38,1382.43,1392.33,25760,Alibaba,Apache 2.0,480.0,35.0,moe,name_parsing,960.0,1200.0,480.0,600.0,240.0,300.0,False,False,False,False,False,False,False,False,False,False,False,False,False,False,False,MULTI-GPU,MULTI-GPU
50,minimax-m2.1-preview,1385.11,1379.86,1390.36,17157,MiniMax,MIT,,,,UNKNOWN,,,,,,,,,,,,,,,,,,,,,,UNKNOWN,UNKNOWN
51,qwen3-30b-a3b-instruct-2507,1383.17,1378.3,1388.05,23760,Alibaba,Apache 2.0,30.0,3.0,moe,name_parsing,60.0,75.0,30.0,37.5,15.0,18.8,True,True,True,True,True,True,True,True,True,True,True,True,True,True,True,H100 SXM,H100 SXM
52,trinity-large-thinking,1382.24,1376.19,1388.29,10875,Arcee AI,Apache 2.0,70,70,dense,override,140.0,175.0,70.0,87.5,35.0,43.8,False,True,True,False,False,True,False,True,True,True,True,True,True,True,True,B200 SXM,RTX PRO 6000
53,glm-4.6v,1377.57,1366.31,1388.84,2807,Z.ai,MIT,,,,UNKNOWN,,,,,,,,,,,,,,,,,,,,,,UNKNOWN,UNKNOWN
54,trinity-large-preview,1374.56,1369.65,1379.48,19586,Arcee AI,Apache 2.0,70,70,dense,override,140.0,175.0,70.0,87.5,35.0,43.8,False,True,True,False,False,True,False,True,True,True,True,True,True,True,True,B200 SXM,RTX PRO 6000
55,qwen3-235b-a22b,1374.47,1369.78,1379.16,26280,Alibaba,Apache 2.0,235.0,22.0,moe,name_parsing,470.0,587.5,235.0,293.8,117.5,146.9,False,False,False,False,False,False,False,False,False,False,False,True,False,False,True,MULTI-GPU,MULTI-GPU
56,glm-4.5-air,1372.78,1368.54,1377.02,31126,Z.ai,MIT,,,,UNKNOWN,,,,,,,,,,,,,,,,,,,,,,UNKNOWN,UNKNOWN
57,qwen3-next-80b-a3b-thinking,1369.18,1363.34,1375.02,13708,Alibaba,Apache 2.0,80.0,3.0,moe,name_parsing,160.0,200.0,80.0,100.0,40.0,50.0,False,False,True,False,False,True,False,True,True,False,True,True,True,True,True,B300 SXM,H200 SXM
58,glm-4.7-flash,1367.69,1361.87,1373.51,11765,Z.ai,MIT,,,,UNKNOWN,,,,,,,,,,,,,,,,,,,,,,UNKNOWN,UNKNOWN
59,gemma-3-27b-it,1365.57,1361.9,1369.24,47564,Google,Gemma,27.0,27.0,dense,name_parsing,54.0,67.5,27.0,33.8,13.5,16.9,True,True,True,True,True,True,True,True,True,True,True,True,True,True,True,H100 SXM,H100 SXM
60,minimax-m1,1363.29,1359.02,1367.56,35235,MiniMax,Apache 2.0,,,,UNKNOWN,,,,,,,,,,,,,,,,,,,,,,UNKNOWN,UNKNOWN
61,nvidia-nemotron-3-super-120b-a12b,1361.03,1353.78,1368.29,7409,Nvidia,NVIDIA Open Model,120.0,12.0,moe,name_parsing,240.0,300.0,120.0,150.0,60.0,75.0,False,False,True,False,False,True,False,False,True,False,True,True,False,True,True,MULTI-GPU,B200 SXM
62,deepseek-v3,1358.14,1353.41,1362.87,21770,DeepSeek,DeepSeek,671.0,37.0,moe,aa_single_scrape,1342.0,1677.5,671.0,838.8,335.5,419.4,False,False,False,False,False,False,False,False,False,False,False,False,False,False,False,MULTI-GPU,MULTI-GPU
63,mistral-small-2506,1357.14,1351.94,1362.34,17720,Mistral,Apache 2.0,,,,UNKNOWN,,,,,,,,,,,,,,,,,,,,,,UNKNOWN,UNKNOWN
64,intellect-3,1356.38,1348.03,1364.73,5334,Prime Intellect,MIT,107.0,107.0,dense,aa_single_scrape,214.0,267.5,107.0,133.8,53.5,66.9,False,False,True,False,False,True,False,True,True,False,True,True,True,True,True,B300 SXM,H200 SXM
65,command-a-03-2025,1353.53,1350.09,1356.97,56319,Cohere,CC-BY-NC-4.0,,,,UNKNOWN,,,,,,,,,,,,,,,,,,,,,,UNKNOWN,UNKNOWN
66,glm-4.5v,1353.22,1344.88,1361.55,4969,Z.ai,MIT,,,,UNKNOWN,,,,,,,,,,,,,,,,,,,,,,UNKNOWN,UNKNOWN
67,gpt-oss-120b,1352.97,1348.62,1357.32,30670,OpenAI,Apache 2.0,117,5.1,moe,override,234.0,292.5,117.0,146.2,58.5,73.1,False,False,True,False,False,True,False,False,True,False,True,True,False,True,True,MULTI-GPU,B200 SXM
68,step-3,1347.72,1340.32,1355.12,6557,StepFun,Apache 2.0,,,,UNKNOWN,,,,,,,,,,,,,,,,,,,,,,UNKNOWN,UNKNOWN
69,qwen3-32b,1346.97,1337.51,1356.43,3926,Alibaba,Apache 2.0,32.0,32.0,dense,name_parsing,64.0,80.0,32.0,40.0,16.0,20.0,True,True,True,True,True,True,True,True,True,True,True,True,True,True,True,H100 SXM,H100 SXM
70,llama-3.1-nemotron-ultra-253b-v1,1346.97,1335.27,1358.66,2549,Nvidia,Nvidia Open Model,253.0,253.0,dense,name_parsing,506.0,632.5,253.0,316.2,126.5,158.1,False,False,False,False,False,False,False,False,False,False,False,True,False,False,True,MULTI-GPU,MULTI-GPU
71,minimax-m2,1346.12,1338.38,1353.86,6873,MiniMax,Apache 2.0,230.0,10.0,moe,aa_single_scrape,460.0,575.0,230.0,287.5,115.0,143.8,False,False,False,False,False,False,False,False,False,False,False,True,False,True,True,MULTI-GPU,B300 SXM
72,ling-flash-2.0,1345.75,1338.49,1353.02,7012,Ant Group,MIT,,,,UNKNOWN,,,,,,,,,,,,,,,,,,,,,,UNKNOWN,UNKNOWN
73,nvidia-llama-3.3-nemotron-super-49b-v1.5,1342.78,1332.81,1352.75,3345,Nvidia,Nvidia Open,49.0,49.0,dense,name_parsing,98.0,122.5,49.0,61.2,24.5,30.6,False,True,True,False,True,True,True,True,True,True,True,True,True,True,True,H200 SXM,H100 SXM
74,gemma-3-12b-it,1341.65,1332.14,1351.16,3829,Google,Gemma,12.0,12.0,dense,name_parsing,24.0,30.0,12.0,15.0,6.0,7.5,True,True,True,True,True,True,True,True,True,True,True,True,True,True,True,H100 SXM,H100 SXM
75,qwq-32b,1335.83,1331.4,1340.26,25403,Alibaba,Apache 2.0,32.0,32.0,dense,name_parsing,64.0,80.0,32.0,40.0,16.0,20.0,True,True,True,True,True,True,True,True,True,True,True,True,True,True,True,H100 SXM,H100 SXM
76,llama-3.1-405b-instruct-bf16,1334.47,1330.78,1338.16,41375,Meta,Llama 3.1 Community,405.0,405.0,dense,name_parsing,810.0,1012.5,405.0,506.2,202.5,253.1,False,False,False,False,False,False,False,False,False,False,False,False,False,False,True,MULTI-GPU,MULTI-GPU
77,llama-3.1-405b-instruct-fp8,1332.65,1329.07,1336.23,59656,Meta,Llama 3.1 Community,405.0,405.0,dense,name_parsing,810.0,1012.5,405.0,506.2,202.5,253.1,False,False,False,False,False,False,False,False,False,False,False,False,False,False,True,MULTI-GPU,MULTI-GPU
78,olmo-3.1-32b-instruct,1330.51,1324.41,1336.6,12240,Ai2,Apache 2.0,32.0,32.0,dense,name_parsing,64.0,80.0,32.0,40.0,16.0,20.0,True,True,True,True,True,True,True,True,True,True,True,True,True,True,True,H100 SXM,H100 SXM
79,molmo-2-8b,1328.74,1307.37,1350.11,802,Ai2,Apache 2.0,8.0,8.0,dense,name_parsing,16.0,20.0,8.0,10.0,4.0,5.0,True,True,True,True,True,True,True,True,True,True,True,True,True,True,True,H100 SXM,H100 SXM
80,llama-3.3-nemotron-49b-super-v1,1327.44,1315.28,1339.61,2218,Nvidia,Nvidia,49.0,49.0,dense,name_parsing,98.0,122.5,49.0,61.2,24.5,30.6,False,True,True,False,True,True,True,True,True,True,True,True,True,True,True,H200 SXM,H100 SXM
81,qwen3-30b-a3b,1327.3,1322.58,1332.03,26499,Alibaba,Apache 2.0,30.0,3.0,moe,name_parsing,60.0,75.0,30.0,37.5,15.0,18.8,True,True,True,True,True,True,True,True,True,True,True,True,True,True,True,H100 SXM,H100 SXM
82,llama-4-maverick-17b-128e-instruct,1326.79,1322.55,1331.04,39997,Meta,Llama 4,400,17,moe,override,800.0,1000.0,400.0,500.0,200.0,250.0,False,False,False,False,False,False,False,False,False,False,False,False,False,False,True,MULTI-GPU,MULTI-GPU
83,deepseek-v2.5-1210,1323.06,1314.79,1331.32,6795,DeepSeek,DeepSeek,,,,UNKNOWN,,,,,,,,,,,,,,,,,,,,,,UNKNOWN,UNKNOWN
84,llama-4-scout-17b-16e-instruct,1322.24,1317.54,1326.95,30314,Meta,Llama,109,17,moe,override,218.0,272.5,109.0,136.2,54.5,68.1,False,False,True,False,False,True,False,True,True,False,True,True,True,True,True,B300 SXM,H200 SXM
85,ring-flash-2.0,1320.42,1313.2,1327.63,7154,Ant Group,MIT,,,,UNKNOWN,,,,,,,,,,,,,,,,,,,,,,UNKNOWN,UNKNOWN
86,llama-3.3-70b-instruct,1317.99,1314.54,1321.44,54752,Meta,Llama-3.3,70.0,70.0,dense,name_parsing,140.0,175.0,70.0,87.5,35.0,43.8,False,True,True,False,False,True,False,True,True,True,True,True,True,True,True,B200 SXM,RTX PRO 6000
87,gemma-3n-e4b-it,1317.95,1312.81,1323.09,22609,Google,Gemma,8.4,4.0,moe,aa_single_scrape,16.8,21.0,8.4,10.5,4.2,5.2,True,True,True,True,True,True,True,True,True,True,True,True,True,True,True,H100 SXM,H100 SXM
88,qwen-max-0919,1317.55,1311.86,1323.24,16478,Alibaba,Qwen,,,,UNKNOWN,,,,,,,,,,,,,,,,,,,,,,UNKNOWN,UNKNOWN
89,gpt-oss-20b,1317.2,1310.84,1323.56,10632,OpenAI,Apache 2.0,21,3.6,moe,override,42.0,52.5,21.0,26.2,10.5,13.1,True,True,True,True,True,True,True,True,True,True,True,True,True,True,True,H100 SXM,H100 SXM
90,nvidia-nemotron-3-nano-30b-a3b-bf16,1316.73,1311.17,1322.3,15530,Nvidia,NVIDIA Open Model,30.0,3.0,moe,name_parsing,60.0,75.0,30.0,37.5,15.0,18.8,True,True,True,True,True,True,True,True,True,True,True,True,True,True,True,H100 SXM,H100 SXM
91,athene-v2-chat,1314.02,1309.48,1318.56,24739,NexusFlow,NexusFlow,72,72,dense,override,144.0,180.0,72.0,90.0,36.0,45.0,False,True,True,False,False,True,False,True,True,True,True,True,True,True,True,B200 SXM,RTX PRO 6000
92,mistral-large-2407,1313.51,1309.6,1317.42,45459,Mistral,Mistral Research,123.0,123.0,dense,aa_single_scrape,246.0,307.5,123.0,153.8,61.5,76.9,False,False,True,False,False,True,False,False,True,False,True,True,False,True,True,MULTI-GPU,B200 SXM
93,deepseek-v2.5,1306.65,1301.96,1311.34,24572,DeepSeek,DeepSeek,,,,UNKNOWN,,,,,,,,,,,,,,,,,,,,,,UNKNOWN,UNKNOWN
94,athene-70b-0725,1305.73,1300.06,1311.4,19621,NexusFlow,CC-BY-NC-4.0,70.0,70.0,dense,name_parsing,140.0,175.0,70.0,87.5,35.0,43.8,False,True,True,False,False,True,False,True,True,True,True,True,True,True,True,B200 SXM,RTX PRO 6000
95,olmo-3-32b-think,1305.04,1296.86,1313.23,5963,Ai2,Apache 2.0,32.0,32.0,dense,name_parsing,64.0,80.0,32.0,40.0,16.0,20.0,True,True,True,True,True,True,True,True,True,True,True,True,True,True,True,H100 SXM,H100 SXM
96,mistral-large-2411,1304.82,1300.4,1309.23,28073,Mistral,MRL,,,,UNKNOWN,,,,,,,,,,,,,,,,,,,,,,UNKNOWN,UNKNOWN
97,gemma-3-4b-it,1303.04,1293.72,1312.36,4171,Google,Gemma,4.0,4.0,dense,name_parsing,8.0,10.0,4.0,5.0,2.0,2.5,True,True,True,True,True,True,True,True,True,True,True,True,True,True,True,H100 SXM,H100 SXM
98,mistral-small-3.1-24b-instruct-2503,1302.98,1298.48,1307.49,33226,Mistral,Apache 2.0,24.0,24.0,dense,name_parsing,48.0,60.0,24.0,30.0,12.0,15.0,True,True,True,True,True,True,True,True,True,True,True,True,True,True,True,H100 SXM,H100 SXM
99,qwen2.5-72b-instruct,1302.38,1298.32,1306.43,39406,Alibaba,Qwen,72.0,72.0,dense,name_parsing,144.0,180.0,72.0,90.0,36.0,45.0,False,True,True,False,False,True,False,True,True,True,True,True,True,True,True,B200 SXM,RTX PRO 6000
100,llama-3.1-nemotron-70b-instruct,1298.56,1290.79,1306.32,7140,Nvidia,Llama 3.1,70.0,70.0,dense,name_parsing,140.0,175.0,70.0,87.5,35.0,43.8,False,True,True,False,False,True,False,True,True,True,True,True,True,True,True,B200 SXM,RTX PRO 6000
101,llama-3.1-70b-instruct,1292.91,1289.19,1296.63,55240,Meta,Llama 3.1 Community,70.0,70.0,dense,name_parsing,140.0,175.0,70.0,87.5,35.0,43.8,False,True,True,False,False,True,False,True,True,True,True,True,True,True,True,B200 SXM,RTX PRO 6000
102,jamba-1.5-large,1288.39,1281.08,1295.69,8662,AI21 Labs,Jamba Open,,,,UNKNOWN,,,,,,,,,,,,,,,,,,,,,,UNKNOWN,UNKNOWN
103,gemma-2-27b-it,1287.97,1284.61,1291.33,75754,Google,Gemma license,27.0,27.0,dense,name_parsing,54.0,67.5,27.0,33.8,13.5,16.9,True,True,True,True,True,True,True,True,True,True,True,True,True,True,True,H100 SXM,H100 SXM
104,ibm-granite-h-small,1286.62,1278.23,1295.01,5687,IBM,Apache 2.0,8,8,dense,override,16.0,20.0,8.0,10.0,4.0,5.0,True,True,True,True,True,True,True,True,True,True,True,True,True,True,True,H100 SXM,H100 SXM
105,llama-3.1-tulu-3-70b,1285.85,1275.38,1296.33,2846,Ai2,Llama 3.1,70.0,70.0,dense,name_parsing,140.0,175.0,70.0,87.5,35.0,43.8,False,True,True,False,False,True,False,True,True,True,True,True,True,True,True,B200 SXM,RTX PRO 6000
106,llama-3.1-nemotron-51b-instruct,1285.52,1275.55,1295.5,3749,Nvidia,Llama 3.1,51.0,51.0,dense,name_parsing,102.0,127.5,51.0,63.8,25.5,31.9,False,True,True,False,True,True,True,True,True,True,True,True,True,True,True,H200 SXM,H100 SXM
107,olmo-3.1-32b-think,1285.23,1278.0,1292.46,8509,Ai2,Apache 2.0,32.0,32.0,dense,name_parsing,64.0,80.0,32.0,40.0,16.0,20.0,True,True,True,True,True,True,True,True,True,True,True,True,True,True,True,H100 SXM,H100 SXM
108,gemma-2-9b-it-simpo,1279.12,1272.26,1285.98,10072,Princeton,MIT,9.0,9.0,dense,name_parsing,18.0,22.5,9.0,11.2,4.5,5.6,True,True,True,True,True,True,True,True,True,True,True,True,True,True,True,H100 SXM,H100 SXM
109,nemotron-4-340b-instruct,1276.39,1271.06,1281.72,19659,Nvidia,NVIDIA Open Model,340.0,340.0,dense,name_parsing,680.0,850.0,340.0,425.0,170.0,212.5,False,False,False,False,False,False,False,False,False,False,False,False,False,False,True,MULTI-GPU,MULTI-GPU
110,command-r-plus-08-2024,1275.63,1269.06,1282.21,9866,Cohere,CC-BY-NC-4.0,104,104,dense,override,208.0,260.0,104.0,130.0,52.0,65.0,False,False,True,False,False,True,False,True,True,False,True,True,True,True,True,B300 SXM,H200 SXM
111,llama-3-70b-instruct,1275.43,1271.85,1279.02,156876,Meta,Llama 3 Community,70.0,70.0,dense,name_parsing,140.0,175.0,70.0,87.5,35.0,43.8,False,True,True,False,False,True,False,True,True,True,True,True,True,True,True,B200 SXM,RTX PRO 6000
112,mistral-small-24b-instruct-2501,1273.62,1267.72,1279.51,14681,Mistral,Apache 2.0,24.0,24.0,dense,name_parsing,48.0,60.0,24.0,30.0,12.0,15.0,True,True,True,True,True,True,True,True,True,True,True,True,True,True,True,H100 SXM,H100 SXM
113,qwen2.5-coder-32b-instruct,1270.0,1261.88,1278.13,5432,Alibaba,Apache 2.0,32.0,32.0,dense,name_parsing,64.0,80.0,32.0,40.0,16.0,20.0,True,True,True,True,True,True,True,True,True,True,True,True,True,True,True,H100 SXM,H100 SXM
114,c4ai-aya-expanse-32b,1266.47,1261.6,1271.35,27124,Cohere,CC-BY-NC-4.0,32.0,32.0,dense,name_parsing,64.0,80.0,32.0,40.0,16.0,20.0,True,True,True,True,True,True,True,True,True,True,True,True,True,True,True,H100 SXM,H100 SXM
115,gemma-2-9b-it,1265.45,1261.65,1269.25,54611,Google,Gemma license,9.0,9.0,dense,name_parsing,18.0,22.5,9.0,11.2,4.5,5.6,True,True,True,True,True,True,True,True,True,True,True,True,True,True,True,H100 SXM,H100 SXM
116,deepseek-coder-v2,1263.72,1257.44,1270.0,15147,DeepSeek,DeepSeek License,236.0,21.0,moe,aa_single_scrape,472.0,590.0,236.0,295.0,118.0,147.5,False,False,False,False,False,False,False,False,False,False,False,True,False,False,True,MULTI-GPU,MULTI-GPU
117,command-r-plus,1260.9,1256.57,1265.22,77554,Cohere,CC-BY-NC-4.0,,,,UNKNOWN,,,,,,,,,,,,,,,,,,,,,,UNKNOWN,UNKNOWN
118,qwen2-72b-instruct,1260.88,1255.94,1265.82,37325,Alibaba,Qianwen LICENSE,72.0,72.0,dense,name_parsing,144.0,180.0,72.0,90.0,36.0,45.0,False,True,True,False,False,True,False,True,True,True,True,True,True,True,True,B200 SXM,RTX PRO 6000
119,phi-4,1255.61,1251.03,1260.18,24126,Microsoft,MIT,14,14,dense,override,28.0,35.0,14.0,17.5,7.0,8.8,True,True,True,True,True,True,True,True,True,True,True,True,True,True,True,H100 SXM,H100 SXM
120,olmo-2-0325-32b-instruct,1251.28,1240.49,1262.07,3334,Ai2,Apache-2.0,32.0,32.0,dense,name_parsing,64.0,80.0,32.0,40.0,16.0,20.0,True,True,True,True,True,True,True,True,True,True,True,True,True,True,True,H100 SXM,H100 SXM
121,command-r-08-2024,1249.3,1242.7,1255.9,10140,Cohere,CC-BY-NC-4.0,35,35,dense,override,70.0,87.5,35.0,43.8,17.5,21.9,True,True,True,False,True,True,True,True,True,True,True,True,True,True,True,RTX PRO 6000,H100 SXM
122,jamba-1.5-mini,1238.64,1231.41,1245.86,8858,AI21 Labs,Jamba Open,,,,UNKNOWN,,,,,,,,,,,,,,,,,,,,,,UNKNOWN,UNKNOWN
123,ministral-8b-2410,1236.74,1227.65,1245.84,4781,Mistral,MRL,8.0,8.0,dense,name_parsing,16.0,20.0,8.0,10.0,4.0,5.0,True,True,True,True,True,True,True,True,True,True,True,True,True,True,True,H100 SXM,H100 SXM
124,qwen1.5-110b-chat,1233.17,1227.61,1238.72,26195,Alibaba,Qianwen LICENSE,110.0,110.0,dense,name_parsing,220.0,275.0,110.0,137.5,55.0,68.8,False,False,True,False,False,True,False,True,True,False,True,True,True,True,True,B300 SXM,H200 SXM
125,qwen1.5-72b-chat,1232.28,1227.0,1237.56,39302,Alibaba,Qianwen LICENSE,72.0,72.0,dense,name_parsing,144.0,180.0,72.0,90.0,36.0,45.0,False,True,True,False,False,True,False,True,True,True,True,True,True,True,True,B200 SXM,RTX PRO 6000
126,mixtral-8x22b-instruct-v0.1,1228.43,1223.88,1232.99,51416,Mistral,Apache 2.0,140.8,39.6,moe,name_parsing,281.6,352.0,140.8,176.0,70.4,88.0,False,False,True,False,False,False,False,False,True,False,True,True,False,True,True,MULTI-GPU,B200 SXM
127,command-r,1225.87,1221.09,1230.66,54036,Cohere,CC-BY-NC-4.0,,,,UNKNOWN,,,,,,,,,,,,,,,,,,,,,,UNKNOWN,UNKNOWN
128,llama-3-8b-instruct,1222.5,1218.76,1226.23,104642,Meta,Llama 3 Community,8.0,8.0,dense,name_parsing,16.0,20.0,8.0,10.0,4.0,5.0,True,True,True,True,True,True,True,True,True,True,True,True,True,True,True,H100 SXM,H100 SXM
129,c4ai-aya-expanse-8b,1222.43,1215.46,1229.39,9818,Cohere,CC-BY-NC-4.0,8.0,8.0,dense,name_parsing,16.0,20.0,8.0,10.0,4.0,5.0,True,True,True,True,True,True,True,True,True,True,True,True,True,True,True,H100 SXM,H100 SXM
130,llama-3.1-tulu-3-8b,1220.37,1209.68,1231.05,2896,Ai2,Llama 3.1,8.0,8.0,dense,name_parsing,16.0,20.0,8.0,10.0,4.0,5.0,True,True,True,True,True,True,True,True,True,True,True,True,True,True,True,H100 SXM,H100 SXM
131,yi-1.5-34b-chat,1212.47,1207.43,1217.51,24146,01 AI,Apache-2.0,34.0,34.0,dense,name_parsing,68.0,85.0,34.0,42.5,17.0,21.2,True,True,True,False,True,True,True,True,True,True,True,True,True,True,True,RTX PRO 6000,H100 SXM
132,zephyr-orpo-141b-A35b-v0.1,1211.77,1200.97,1222.58,4652,HuggingFace,Apache 2.0,141.0,35.0,moe,name_parsing,282.0,352.5,141.0,176.2,70.5,88.1,False,False,True,False,False,False,False,False,True,False,True,True,False,True,True,MULTI-GPU,B200 SXM
133,llama-3.1-8b-instruct,1211.06,1206.92,1215.19,49605,Meta,Llama 3.1 Community,8.0,8.0,dense,name_parsing,16.0,20.0,8.0,10.0,4.0,5.0,True,True,True,True,True,True,True,True,True,True,True,True,True,True,True,H100 SXM,H100 SXM
134,granite-3.1-8b-instruct,1207.53,1196.42,1218.65,3090,IBM,Apache 2.0,8.0,8.0,dense,name_parsing,16.0,20.0,8.0,10.0,4.0,5.0,True,True,True,True,True,True,True,True,True,True,True,True,True,True,True,H100 SXM,H100 SXM
135,qwen1.5-32b-chat,1202.85,1196.73,1208.98,21741,Alibaba,Qianwen LICENSE,32.0,32.0,dense,name_parsing,64.0,80.0,32.0,40.0,16.0,20.0,True,True,True,True,True,True,True,True,True,True,True,True,True,True,True,H100 SXM,H100 SXM
136,gemma-2-2b-it,1198.92,1194.85,1203.0,46616,Google,Gemma license,2.0,2.0,dense,name_parsing,4.0,5.0,2.0,2.5,1.0,1.2,True,True,True,True,True,True,True,True,True,True,True,True,True,True,True,H100 SXM,H100 SXM
137,phi-3-medium-4k-instruct,1196.96,1191.8,1202.12,25055,Microsoft,MIT,14,14,dense,override,28.0,35.0,14.0,17.5,7.0,8.8,True,True,True,True,True,True,True,True,True,True,True,True,True,True,True,H100 SXM,H100 SXM
138,mixtral-8x7b-instruct-v0.1,1196.1,1191.82,1200.37,73503,Mistral,Apache 2.0,44.8,12.6,moe,name_parsing,89.6,112.0,44.8,56.0,22.4,28.0,False,True,True,False,True,True,True,True,True,True,True,True,True,True,True,H200 SXM,H100 SXM
139,dbrx-instruct-preview,1194.08,1187.96,1200.2,32191,Databricks,DBRX LICENSE,,,,UNKNOWN,,,,,,,,,,,,,,,,,,,,,,UNKNOWN,UNKNOWN
140,internlm2_5-20b-chat,1190.51,1183.33,1197.7,9901,InternLM,Other,20.0,20.0,dense,name_parsing,40.0,50.0,20.0,25.0,10.0,12.5,True,True,True,True,True,True,True,True,True,True,True,True,True,True,True,H100 SXM,H100 SXM
141,qwen1.5-14b-chat,1189.99,1182.86,1197.12,17839,Alibaba,Qianwen LICENSE,14.0,14.0,dense,name_parsing,28.0,35.0,14.0,17.5,7.0,8.8,True,True,True,True,True,True,True,True,True,True,True,True,True,True,True,H100 SXM,H100 SXM
142,wizardlm-70b,1183.65,1174.2,1193.1,8214,Microsoft,Llama 2 Community,70.0,70.0,dense,name_parsing,140.0,175.0,70.0,87.5,35.0,43.8,False,True,True,False,False,True,False,True,True,True,True,True,True,True,True,B200 SXM,RTX PRO 6000
143,deepseek-llm-67b-chat,1183.41,1171.9,1194.91,4932,DeepSeek,DeepSeek License,67,67,dense,override,134.0,167.5,67.0,83.8,33.5,41.9,False,True,True,False,False,True,False,True,True,True,True,True,True,True,True,B200 SXM,RTX PRO 6000
144,yi-34b-chat,1182.89,1176.05,1189.72,15483,01 AI,Yi License,34.0,34.0,dense,name_parsing,68.0,85.0,34.0,42.5,17.0,21.2,True,True,True,False,True,True,True,True,True,True,True,True,True,True,True,RTX PRO 6000,H100 SXM
145,openchat-3.5-0106,1181.3,1173.29,1189.3,12637,OpenChat,Apache-2.0,,,,UNKNOWN,,,,,,,,,,,,,,,,,,,,,,UNKNOWN,UNKNOWN
146,openchat-3.5,1181.28,1171.6,1190.96,7968,OpenChat,Apache-2.0,,,,UNKNOWN,,,,,,,,,,,,,,,,,,,,,,UNKNOWN,UNKNOWN
147,granite-3.0-8b-instruct,1181.26,1172.58,1189.95,6638,IBM,Apache 2.0,8.0,8.0,dense,name_parsing,16.0,20.0,8.0,10.0,4.0,5.0,True,True,True,True,True,True,True,True,True,True,True,True,True,True,True,H100 SXM,H100 SXM
148,gemma-1.1-7b-it,1180.17,1174.09,1186.24,23893,Google,Gemma license,7.0,7.0,dense,name_parsing,14.0,17.5,7.0,8.8,3.5,4.4,True,True,True,True,True,True,True,True,True,True,True,True,True,True,True,H100 SXM,H100 SXM
149,snowflake-arctic-instruct,1178.52,1172.61,1184.44,32832,Snowflake,Apache 2.0,,,,UNKNOWN,,,,,,,,,,,,,,,,,,,,,,UNKNOWN,UNKNOWN
150,granite-3.1-2b-instruct,1178.09,1166.88,1189.29,3188,IBM,Apache 2.0,2.0,2.0,dense,name_parsing,4.0,5.0,2.0,2.5,1.0,1.2,True,True,True,True,True,True,True,True,True,True,True,True,True,True,True,H100 SXM,H100 SXM
151,tulu-2-dpo-70b,1176.91,1167.09,1186.73,6535,AllenAI/UW,AI2 ImpACT Low-risk,70.0,70.0,dense,name_parsing,140.0,175.0,70.0,87.5,35.0,43.8,False,True,True,False,False,True,False,True,True,True,True,True,True,True,True,B200 SXM,RTX PRO 6000
152,openhermes-2.5-mistral-7b,1174.26,1163.83,1184.68,5006,NousResearch,Apache-2.0,7.0,7.0,dense,name_parsing,14.0,17.5,7.0,8.8,3.5,4.4,True,True,True,True,True,True,True,True,True,True,True,True,True,True,True,H100 SXM,H100 SXM
153,vicuna-33b,1171.76,1165.55,1177.98,22479,LMSYS,Non-commercial,33.0,33.0,dense,name_parsing,66.0,82.5,33.0,41.2,16.5,20.6,True,True,True,False,True,True,True,True,True,True,True,True,True,True,True,RTX PRO 6000,H100 SXM
154,starling-lm-7b-beta,1170.62,1163.21,1178.04,16056,Nexusflow,Apache-2.0,7.0,7.0,dense,name_parsing,14.0,17.5,7.0,8.8,3.5,4.4,True,True,True,True,True,True,True,True,True,True,True,True,True,True,True,H100 SXM,H100 SXM
155,phi-3-small-8k-instruct,1170.1,1164.19,1176.02,17766,Microsoft,MIT,7.4,7.4,dense,override,14.8,18.5,7.4,9.2,3.7,4.6,True,True,True,True,True,True,True,True,True,True,True,True,True,True,True,H100 SXM,H100 SXM
156,llama-2-70b-chat,1169.8,1164.29,1175.3,38492,Meta,Llama 2 Community,70.0,70.0,dense,name_parsing,140.0,175.0,70.0,87.5,35.0,43.8,False,True,True,False,False,True,False,True,True,True,True,True,True,True,True,B200 SXM,RTX PRO 6000
157,starling-lm-7b-alpha,1166.49,1158.42,1174.57,10224,UC Berkeley,CC-BY-NC-4.0,7.0,7.0,dense,name_parsing,14.0,17.5,7.0,8.8,3.5,4.4,True,True,True,True,True,True,True,True,True,True,True,True,True,True,True,H100 SXM,H100 SXM
158,llama-3.2-3b-instruct,1165.86,1158.16,1173.56,7936,Meta,Llama 3.2,3.0,3.0,dense,name_parsing,6.0,7.5,3.0,3.8,1.5,1.9,True,True,True,True,True,True,True,True,True,True,True,True,True,True,True,H100 SXM,H100 SXM
159,nous-hermes-2-mixtral-8x7b-dpo,1163.69,1151.75,1175.62,3777,NousResearch,Apache-2.0,44.8,12.6,moe,name_parsing,89.6,112.0,44.8,56.0,22.4,28.0,False,True,True,False,True,True,True,True,True,True,True,True,True,True,True,H200 SXM,H100 SXM
160,qwq-32b-preview,1155.6,1144.1,1167.1,3231,Alibaba,Apache 2.0,32.0,32.0,dense,name_parsing,64.0,80.0,32.0,40.0,16.0,20.0,True,True,True,True,True,True,True,True,True,True,True,True,True,True,True,H100 SXM,H100 SXM
161,granite-3.0-2b-instruct,1155.16,1146.77,1163.56,6837,IBM,Apache 2.0,2.0,2.0,dense,name_parsing,4.0,5.0,2.0,2.5,1.0,1.2,True,True,True,True,True,True,True,True,True,True,True,True,True,True,True,H100 SXM,H100 SXM
162,llama2-70b-steerlm-chat,1154.08,1141.47,1166.7,3585,Nvidia,Llama 2 Community,70.0,70.0,dense,name_parsing,140.0,175.0,70.0,87.5,35.0,43.8,False,True,True,False,False,True,False,True,True,True,True,True,True,True,True,B200 SXM,RTX PRO 6000
163,solar-10.7b-instruct-v1.0,1151.28,1138.08,1164.48,4155,Upstage AI,CC-BY-NC-4.0,10.7,10.7,dense,name_parsing,21.4,26.8,10.7,13.4,5.3,6.7,True,True,True,True,True,True,True,True,True,True,True,True,True,True,True,H100 SXM,H100 SXM
164,dolphin-2.2.1-mistral-7b,1151.0,1135.62,1166.37,1679,Cognitive Computations,Apache-2.0,7.0,7.0,dense,name_parsing,14.0,17.5,7.0,8.8,3.5,4.4,True,True,True,True,True,True,True,True,True,True,True,True,True,True,True,H100 SXM,H100 SXM
165,mpt-30b-chat,1149.14,1136.85,1161.42,2572,MosaicML,CC-BY-NC-SA-4.0,30.0,30.0,dense,name_parsing,60.0,75.0,30.0,37.5,15.0,18.8,True,True,True,True,True,True,True,True,True,True,True,True,True,True,True,H100 SXM,H100 SXM
166,mistral-7b-instruct-v0.2,1148.52,1141.86,1155.17,19402,Mistral,Apache-2.0,7.0,7.0,dense,name_parsing,14.0,17.5,7.0,8.8,3.5,4.4,True,True,True,True,True,True,True,True,True,True,True,True,True,True,True,H100 SXM,H100 SXM
167,wizardlm-13b,1148.2,1138.95,1157.46,7044,Microsoft,Llama 2 Community,13.0,13.0,dense,name_parsing,26.0,32.5,13.0,16.2,6.5,8.1,True,True,True,True,True,True,True,True,True,True,True,True,True,True,True,H100 SXM,H100 SXM
168,falcon-180b-chat,1146.13,1129.03,1163.24,1295,TII,Falcon-180B TII License,180.0,180.0,dense,name_parsing,360.0,450.0,180.0,225.0,90.0,112.5,False,False,False,False,False,False,False,False,True,False,False,True,False,True,True,MULTI-GPU,B300 SXM
169,qwen1.5-7b-chat,1142.84,1132.95,1152.74,4737,Alibaba,Qianwen LICENSE,7.0,7.0,dense,name_parsing,14.0,17.5,7.0,8.8,3.5,4.4,True,True,True,True,True,True,True,True,True,True,True,True,True,True,True,H100 SXM,H100 SXM
170,phi-3-mini-4k-instruct-june-2024,1142.1,1135.66,1148.54,12297,Microsoft,MIT,3.8,3.8,dense,override,7.6,9.5,3.8,4.8,1.9,2.4,True,True,True,True,True,True,True,True,True,True,True,True,True,True,True,H100 SXM,H100 SXM
171,llama-2-13b-chat,1140.52,1133.79,1147.25,19174,Meta,Llama 2 Community,13.0,13.0,dense,name_parsing,26.0,32.5,13.0,16.2,6.5,8.1,True,True,True,True,True,True,True,True,True,True,True,True,True,True,True,H100 SXM,H100 SXM
172,vicuna-13b,1139.93,1133.22,1146.64,19367,LMSYS,Llama 2 Community,13.0,13.0,dense,name_parsing,26.0,32.5,13.0,16.2,6.5,8.1,True,True,True,True,True,True,True,True,True,True,True,True,True,True,True,H100 SXM,H100 SXM
173,qwen-14b-chat,1137.59,1126.63,1148.56,4964,Alibaba,Qianwen LICENSE,14.0,14.0,dense,name_parsing,28.0,35.0,14.0,17.5,7.0,8.8,True,True,True,True,True,True,True,True,True,True,True,True,True,True,True,H100 SXM,H100 SXM
174,gemma-7b-it,1135.72,1126.21,1145.22,8925,Google,Gemma license,7.0,7.0,dense,name_parsing,14.0,17.5,7.0,8.8,3.5,4.4,True,True,True,True,True,True,True,True,True,True,True,True,True,True,True,H100 SXM,H100 SXM
175,codellama-34b-instruct,1135.58,1126.67,1144.48,7366,Meta,Llama 2 Community,34.0,34.0,dense,name_parsing,68.0,85.0,34.0,42.5,17.0,21.2,True,True,True,False,True,True,True,True,True,True,True,True,True,True,True,RTX PRO 6000,H100 SXM
176,zephyr-7b-beta,1129.92,1121.08,1138.77,11118,HuggingFace,MIT,7.0,7.0,dense,name_parsing,14.0,17.5,7.0,8.8,3.5,4.4,True,True,True,True,True,True,True,True,True,True,True,True,True,True,True,H100 SXM,H100 SXM
177,phi-3-mini-128k-instruct,1128.29,1120.86,1135.72,20685,Microsoft,MIT,3.8,3.8,dense,override,7.6,9.5,3.8,4.8,1.9,2.4,True,True,True,True,True,True,True,True,True,True,True,True,True,True,True,H100 SXM,H100 SXM
178,phi-3-mini-4k-instruct,1127.36,1120.96,1133.76,20118,Microsoft,MIT,3.8,3.8,dense,override,7.6,9.5,3.8,4.8,1.9,2.4,True,True,True,True,True,True,True,True,True,True,True,True,True,True,True,H100 SXM,H100 SXM
179,guanaco-33b,1126.23,1114.1,1138.37,2921,UW,Non-commercial,33.0,33.0,dense,name_parsing,66.0,82.5,33.0,41.2,16.5,20.6,True,True,True,False,True,True,True,True,True,True,True,True,True,True,True,RTX PRO 6000,H100 SXM
180,zephyr-7b-alpha,1125.82,1110.17,1141.47,1785,HuggingFace,MIT,7.0,7.0,dense,name_parsing,14.0,17.5,7.0,8.8,3.5,4.4,True,True,True,True,True,True,True,True,True,True,True,True,True,True,True,H100 SXM,H100 SXM
181,stripedhyena-nous-7b,1120.0,1109.0,1131.0,5182,Together AI,Apache 2.0,7.0,7.0,dense,name_parsing,14.0,17.5,7.0,8.8,3.5,4.4,True,True,True,True,True,True,True,True,True,True,True,True,True,True,True,H100 SXM,H100 SXM
182,codellama-70b-instruct,1118.12,1099.93,1136.31,1143,Meta,Llama 2 Community,70.0,70.0,dense,name_parsing,140.0,175.0,70.0,87.5,35.0,43.8,False,True,True,False,False,True,False,True,True,True,True,True,True,True,True,B200 SXM,RTX PRO 6000
183,gemma-1.1-2b-it,1114.09,1106.36,1121.83,10854,Google,Gemma license,2.0,2.0,dense,name_parsing,4.0,5.0,2.0,2.5,1.0,1.2,True,True,True,True,True,True,True,True,True,True,True,True,True,True,True,H100 SXM,H100 SXM
184,vicuna-7b,1113.66,1104.49,1122.83,6923,LMSYS,Llama 2 Community,7.0,7.0,dense,name_parsing,14.0,17.5,7.0,8.8,3.5,4.4,True,True,True,True,True,True,True,True,True,True,True,True,True,True,True,H100 SXM,H100 SXM
185,smollm2-1.7b-instruct,1113.39,1098.99,1127.8,2199,HuggingFace,Apache 2.0,1.7,1.7,dense,name_parsing,3.4,4.2,1.7,2.1,0.8,1.1,True,True,True,True,True,True,True,True,True,True,True,True,True,True,True,H100 SXM,H100 SXM
186,llama-3.2-1b-instruct,1110.34,1102.46,1118.22,8045,Meta,Llama 3.2,1.0,1.0,dense,name_parsing,2.0,2.5,1.0,1.2,0.5,0.6,True,True,True,True,True,True,True,True,True,True,True,True,True,True,True,H100 SXM,H100 SXM
187,mistral-7b-instruct,1108.64,1099.34,1117.94,8977,Mistral,Apache 2.0,7.0,7.0,dense,name_parsing,14.0,17.5,7.0,8.8,3.5,4.4,True,True,True,True,True,True,True,True,True,True,True,True,True,True,True,H100 SXM,H100 SXM
188,llama-2-7b-chat,1107.14,1100.08,1114.2,14148,Meta,Llama 2 Community,7.0,7.0,dense,name_parsing,14.0,17.5,7.0,8.8,3.5,4.4,True,True,True,True,True,True,True,True,True,True,True,True,True,True,True,H100 SXM,H100 SXM
189,gemma-2b-it,1091.36,1079.86,1102.87,4780,Google,Gemma license,2.0,2.0,dense,name_parsing,4.0,5.0,2.0,2.5,1.0,1.2,True,True,True,True,True,True,True,True,True,True,True,True,True,True,True,H100 SXM,H100 SXM
190,qwen1.5-4b-chat,1089.22,1079.87,1098.57,7597,Alibaba,Qianwen LICENSE,4.0,4.0,dense,name_parsing,8.0,10.0,4.0,5.0,2.0,2.5,True,True,True,True,True,True,True,True,True,True,True,True,True,True,True,H100 SXM,H100 SXM
191,olmo-7b-instruct,1073.38,1062.19,1084.56,6328,Ai2,Apache-2.0,7.0,7.0,dense,name_parsing,14.0,17.5,7.0,8.8,3.5,4.4,True,True,True,True,True,True,True,True,True,True,True,True,True,True,True,H100 SXM,H100 SXM
192,koala-13b,1069.41,1059.48,1079.34,6965,UC Berkeley,Non-commercial,13.0,13.0,dense,name_parsing,26.0,32.5,13.0,16.2,6.5,8.1,True,True,True,True,True,True,True,True,True,True,True,True,True,True,True,H100 SXM,H100 SXM
193,alpaca-13b,1066.8,1055.3,1078.3,5745,Stanford,Non-commercial,13.0,13.0,dense,name_parsing,26.0,32.5,13.0,16.2,6.5,8.1,True,True,True,True,True,True,True,True,True,True,True,True,True,True,True,H100 SXM,H100 SXM
194,gpt4all-13b-snoozy,1065.16,1049.9,1080.42,1743,Nomic AI,Non-commercial,13.0,13.0,dense,name_parsing,26.0,32.5,13.0,16.2,6.5,8.1,True,True,True,True,True,True,True,True,True,True,True,True,True,True,True,H100 SXM,H100 SXM
195,mpt-7b-chat,1061.0,1048.99,1073.01,3924,MosaicML,CC-BY-NC-SA-4.0,7.0,7.0,dense,name_parsing,14.0,17.5,7.0,8.8,3.5,4.4,True,True,True,True,True,True,True,True,True,True,True,True,True,True,True,H100 SXM,H100 SXM
196,chatglm3-6b,1055.0,1043.32,1066.68,4658,Tsinghua,Apache-2.0,6.0,6.0,dense,name_parsing,12.0,15.0,6.0,7.5,3.0,3.8,True,True,True,True,True,True,True,True,True,True,True,True,True,True,True,H100 SXM,H100 SXM
197,RWKV-4-Raven-14B,1040.39,1028.96,1051.82,4845,RWKV,Apache 2.0,14.0,14.0,dense,name_parsing,28.0,35.0,14.0,17.5,7.0,8.8,True,True,True,True,True,True,True,True,True,True,True,True,True,True,True,H100 SXM,H100 SXM
198,chatglm2-6b,1023.14,1009.52,1036.76,2658,Tsinghua,Apache-2.0,6.0,6.0,dense,name_parsing,12.0,15.0,6.0,7.5,3.0,3.8,True,True,True,True,True,True,True,True,True,True,True,True,True,True,True,H100 SXM,H100 SXM
199,oasst-pythia-12b,1021.19,1010.28,1032.1,6310,OpenAssistant,Apache 2.0,12.0,12.0,dense,name_parsing,24.0,30.0,12.0,15.0,6.0,7.5,True,True,True,True,True,True,True,True,True,True,True,True,True,True,True,H100 SXM,H100 SXM
200,chatglm-6b,994.502,981.899,1007.1,4914,Tsinghua,Non-commercial,6.0,6.0,dense,name_parsing,12.0,15.0,6.0,7.5,3.0,3.8,True,True,True,True,True,True,True,True,True,True,True,True,True,True,True,H100 SXM,H100 SXM
201,fastchat-t5-3b,990.469,978.057,1002.88,4203,LMSYS,Apache 2.0,3.0,3.0,dense,name_parsing,6.0,7.5,3.0,3.8,1.5,1.9,True,True,True,True,True,True,True,True,True,True,True,True,True,True,True,H100 SXM,H100 SXM
202,dolly-v2-12b,979.376,965.795,992.956,3412,Databricks,MIT,12.0,12.0,dense,name_parsing,24.0,30.0,12.0,15.0,6.0,7.5,True,True,True,True,True,True,True,True,True,True,True,True,True,True,True,H100 SXM,H100 SXM
203,llama-13b,971.627,955.761,987.494,2391,Meta,Non-commercial,13.0,13.0,dense,name_parsing,26.0,32.5,13.0,16.2,6.5,8.1,True,True,True,True,True,True,True,True,True,True,True,True,True,True,True,H100 SXM,H100 SXM
204,stablelm-tuned-alpha-7b,951.603,938.82,964.386,3287,Stability AI,CC-BY-NC-SA-4.0,7.0,7.0,dense,name_parsing,14.0,17.5,7.0,8.8,3.5,4.4,True,True,True,True,True,True,True,True,True,True,True,True,True,True,True,H100 SXM,H100 SXM
